name,school,position,rank,height,weight,Accuracy,Anchor,Arm Strength,Athleticism,Awareness,Ball Skills,Bend,Blitz Ability,Blocking,Burst,Clutch,Consistency,Contested Catches,Coverage,Decision Making,Directional Control,Elusiveness,First Step,Football IQ,Footwork,Hand Usage,Hands,Hang Time,Instincts,Leadership,Leg Strength,Mobility,Motor,Pass Catching,Pass Protection,Pass Rush,Pocket Presence,Power,Press,Pulling,Range,Receiving,Route Running,Run Blocking,Run Defense,Separation,Speed,Strength,Tackling,Versatility,Vision,YAC Ability
Fernando Mendoza,Indiana,QB,1,"6'5""",225,85,,85,,,,,,,,,,,,94,,,,,,,,,,,,68,,,,,,,,,,,,,,,,,,,,
Arvell Reese,Ohio State,LB,2,"6'4""",243,,,,,,,,87,,,,,,55,,,,,,,,,,,,,,,,,,,,,,,,,,,,,,67,,,
Rueben Bain,Miami,EDGE,3,"6'3""",275,,,,,,,,,,,,,,,,,,84,,,,,,,,,,76,,,75,,,,,,,,,,,,,,,,
Francis Mauigoa,Miami,OT,4,"6'6""",315,,,,,,,,,,,,,,,,,,,,,,,,,,,,,,,,,,,,,,,,,,,,,,,
David Bailey,Texas Tech,EDGE,5,"6'3""",250,,,,,,,,,,,,,,,,,,93,,,,,,,,,,74,,,93,,,,,,,,,,,,,,,,
Spencer Fano,Utah,OT,6,"6'6""",302,,,,,,,,,,,,,,,,,,,,,,,,,,,,,,,,,,,,,,,,,,,,,,,
Carnell Tate,Ohio State,WR,7,"6'3""",195,,,,,,,,,,,,,,,,,,,,,,63,,,,,,,,,,,,,,,,81,,,,69,,,,,
Caleb Downs,Ohio State,S,8,"6'0""",205,,,,,,38,,,,,,,,,,,,,,,,,,,,,,,,,,,,,,,,,,,,,,74,,,
Jeremiyah Love,Notre Dame,RB,9,"6'0""",214,,,,,,,,,,,,,,,,,94,,,,,,,,,,,,62,,,,68,,,,,,,,,,,,,89,
Jordyn Tyson,Arizona State,WR,10,"6'2""",200,,,,,,,,,,,,,,,,,,,,,,71,,,,,,,,,,,,,,,,53,,,,65,,,,,
Mansoor Delane,LSU,CB,11,"6'0""",190,,,,,,85,,,,,,,,,,,,,,,,,,,,,,,,,,,,,,,,,,,,,,70,,,
Sonny Styles,Ohio State,LB,12,"6'4""",243,,,,,,,,62,,,,,,62,,,,,,,,,,,,,,,,,,,,,,,,,,,,,,77,,,
Makai Lemon,USC,WR,13,"5'11""",195,,,,,,,,,,,,,,,,,,,,,,81,,,,,,,,,,,,,,,,68,,,,76,,,,,
Jermod McCoy,Tennessee,CB,14,"6'0""",193,,,,,,,,,,,,,,,,,,,,,,,,,,,,,,,,,,,,,,,,,,,,,,,
Keldric Faulk,Auburn,EDGE,15,"6'6""",285,,,,,,,,,,,,,,,,,,47,,,,,,,,,,49,,,35,,,,,,,,,,,,,,,,
Olaivavega Ioane,Penn State,IOL,16,"6'4""",330,,,,,,,,,,,,,,,,,,,,,,,,,,,,,,,,,,,,,,,,,,,,,,,
Peter Woods,Clemson,DL,17,"6'3""",315,,,,,,,,,,,,,,,,,,38,,,,,,,,,,52,,,39,,,,,,,,,,,,,,,,
Cashius Howell,Texas A&M,EDGE,18,"6'2""",248,,,,,,,,,,,,,,,,,,83,,,,,,,,,,54,,,88,,,,,,,,,,,,,,,,
Kenyon Sadiq,Oregon,TE,19,"6'3""",245,,,,,,,,,55,,,,,,,,,,,,,,,,,,,,,,,,,,,,63,60,,,,,,,,,
Kadyn Proctor,Alabama,OT,20,"6'7""",366,,,,,,,,,,,,,,,,,,,,,,,,,,,,,,,,,,,,,,,,,,,,,,,
Avieon Terrell,Clemson,CB,21,"5'11""",180,,,,,,74,,,,,,,,,,,,,,,,,,,,,,,,,,,,,,,,,,,,,,72,,,
Caleb Lomu,Utah,OT,22,"6'6""",304,,,,,,,,,,,,,,,,,,,,,,,,,,,,,,,,,,,,,,,,,,,,,,,
Denzel Boston,Washington,WR,23,"6'4""",209,,,,,,,,,,,,,,,,,,,,,,71,,,,,,,,,,,,,,,,66,,,,76,,,,,
Caleb Banks,Florida,DL,24,"6'6""",330,,,,,,,,,,,,,,,,,,38,,,,,,,,,,42,,,35,,,,,,,,,,,,,,,,
Kevin Concepcion,Texas A&M,WR,25,"5'11""",190,,,,,,,,,,,,,,,,,,,,,,71,,,,,,,,,,,,,,,,70,,,,69,,,,,
Akheem Mesidor,Miami,EDGE,26,"6'3""",280,,,,,,,,,,,,,,,,,,89,,,,,,,,,,84,,,88,,,,,,,,,,,,,,,,
Cj Allen,Georgia,LB,27,"6'1""",235,,,,,,,,75,,,,,,68,,,,,,,,,,,,,,,,,,,,,,,,,,,,,,81,,,
Tj Parker,Clemson,EDGE,28,"6'3""",265,,,,,,,,,,,,,,,,,,63,,,,,,,,,,59,,,52,,,,,,,,,,,,,,,,
Ty Simpson,Alabama,QB,29,"6'2""",208,62,,63,,,,,,,,,,,,88,,,,,,,,,,,,46,,,,,,,,,,,,,,,,,,,,
Kayden McDonald,Ohio State,DL,30,"6'3""",326,,,,,,,,,,,,,,,,,,63,,,,,,,,,,84,,,52,,,,,,,,,,,,,,,,
Monroe Freeling,Georgia,OT,31,"6'7""",315,,,,,,,,,,,,,,,,,,,,,,,,,,,,,,,,,,,,,,,,,,,,,,,
Brandon Cisse,South Carolina,CB,32,"6'0""",190,,,,,,60,,,,,,,,,,,,,,,,,,,,,,,,,,,,,,,,,,,,,,52,,,
Colton Hood,Tennessee,CB,33,"6'0""",195,,,,,,74,,,,,,,,,,,,,,,,,,,,,,,,,,,,,,,,,,,,,,74,,,
Emmanuel McNeil-Warren,Toledo,S,34,"6'2""",202,,,,,,65,,,,,,,,,,,,,,,,,,,,,,,,,,,,,,,,,,,,,,80,,,
Lee Hunter,Texas Tech,DL,35,"6'4""",325,,,,,,,,,,,,,,,,,,70,,,,,,,,,,65,,,52,,,,,,,,,,,,,,,,
Blake Miller,Clemson,OT,36,"6'6""",315,,,,,,,,,,,,,,,,,,,,,,,,,,,,,,,,,,,,,,,,,,,,,,,
Dillon Thieneman,Oregon,S,37,"6'0""",205,,,,,,60,,,,,,,,,,,,,,,,,,,,,,,,,,,,,,,,,,,,,,85,,,
Zion Young,Missouri,EDGE,38,"6'5""",262,,,,,,,,,,,,,,,,,,84,,,,,,,,,,65,,,60,,,,,,,,,,,,,,,,
Emmanuel Pregnon,Oregon,IOL,39,"6'5""",318,,,,,,,,,,,,,,,,,,,,,,,,,,,,,,,,,,,,,,,,,,,,,,,
Max Iheanachor,Arizona State,OT,40,"6'6""",330,,,,,,,,,,,,,,,,,,,,,,,,,,,,,,,,,,,,,,,,,,,,,,,
Anthony Hill,Texas,LB,41,"6'3""",238,,,,,,,,71,,,,,,49,,,,,,,,,,,,,,,,,,,,,,,,,,,,,,68,,,
R Mason Thomas,Oklahoma,EDGE,42,"6'2""",249,,,,,,,,,,,,,,,,,,64,,,,,,,,,,48,,,60,,,,,,,,,,,,,,,,
Omar Cooper,Indiana,WR,43,"6'0""",201,,,,,,,,,,,,,,,,,,,,,,76,,,,,,,,,,,,,,,,64,,,,83,,,,,
Christen Miller,Georgia,DL,44,"6'4""",305,,,,,,,,,,,,,,,,,,42,,,,,,,,,,45,,,39,,,,,,,,,,,,,,,,
Chase Bisontis,Texas A&M,IOL,45,"6'5""",315,,,,,,,,,,,,,,,,,,,,,,,,,,,,,,,,,,,,,,,,,,,,,,,
Zachariah Branch,Georgia,WR,46,"5'10""",180,,,,,,,,,,,,,,,,,,,,,,83,,,,,,,,,,,,,,,,45,,,,55,,,,,
Keith Abney,Arizona State,CB,47,"6'0""",190,,,,,,88,,,,,,,,,,,,,,,,,,,,,,,,,,,,,,,,,,,,,,69,,,
Chris Bell,Louisville,WR,48,"6'2""",220,,,,,,,,,,,,,,,,,,,,,,77,,,,,,,,,,,,,,,,59,,,,55,,,,,
Chris Brazzell,Tennessee,WR,49,"6'5""",200,,,,,,,,,,,,,,,,,,,,,,71,,,,,,,,,,,,,,,,77,,,,69,,,,,
Malachi Fields,Notre Dame,WR,50,"6'4""",223,,,,,,,,,,,,,,,,,,,,,,52,,,,,,,,,,,,,,,,82,,,,50,,,,,
Chris Johnson,San Diego State,CB,51,"6'0""",185,,,,,,70,,,,,,,,,,,,,,,,,,,,,,,,,,,,,,,,,,,,,,72,,,
Gennings Dunker,Iowa,OT,52,"6'5""",315,,,,,,,,,,,,,,,,,,,,,,,,,,,,,,,,,,,,,,,,,,,,,,,
Elijah Sarratt,Indiana,WR,53,"6'2""",209,,,,,,,,,,,,,,,,,,,,,,72,,,,,,,,,,,,,,,,58,,,,89,,,,,
Jake Golday,Cincinnati,LB,54,"6'4""",240,,,,,,,,62,,,,,,62,,,,,,,,,,,,,,,,,,,,,,,,,,,,,,85,,,
Keionte Scott,Miami,CB,55,"6'0""",192,,,,,,60,,,,,,,,,,,,,,,,,,,,,,,,,,,,,,,,,,,,,,82,,,
Lt Overton,Alabama,EDGE,56,"6'5""",278,,,,,,,,,,,,,,,,,,,,,,,,,,,,,,,,,,,,,,,,,,,,,,,
D'Angelo Ponds,Indiana,CB,57,"5'9""",170,,,,,,82,,,,,,,,,,,,,,,,,,,,,,,,,,,,,,,,,,,,,,82,,,
Derrick Moore,Michigan,EDGE,58,"6'3""",260,,,,,,,,,,,,,,,,,,66,,,,,,,,,,51,,,75,,,,,,,,,,,,,,,,
Aj Haulcy,LSU,S,59,"6'0""",222,,,,,,55,,,,,,,,,,,,,,,,,,,,,,,,,,,,,,,,,,,,,,85,,,
Germie Bernard,Alabama,WR,60,"6'1""",204,,,,,,,,,,,,,,,,,,,,,,72,,,,,,,,,,,,,,,,62,,,,60,,,,,
Jadarian Price,Notre Dame,RB,61,"5'11""",209,,,,,,,,,,,,,,,,,82,,,,,,,,,,,,37,,,,48,,,,,,,,,,,,,77,
Jacob Rodriguez,Texas Tech,LB,62,"6'1""",230,,,,,,,,74,,,,,,76,,,,,,,,,,,,,,,,,,,,,,,,,,,,,,93,,,
Joshua Josephs,Tennessee,EDGE,63,"6'3""",240,,,,,,,,,,,,,,,,,,47,,,,,,,,,,55,,,35,,,,,,,,,,,,,,,,
Gabe Jacas,Illinois,EDGE,64,"6'3""",275,,,,,,,,,,,,,,,,,,78,,,,,,,,,,67,,,82,,,,,,,,,,,,,,,,
Garrett Nussmeier,LSU,QB,65,"6'1""",205,71,,50,,,,,,,,,,,,59,,,,,,,,,,,,,,,,,,,,,,,,,,,,,,,,
Caleb Tiernan,Northwestern,OT,66,"6'7""",325,,,,,,,,,,,,,,,,,,,,,,,,,,,,,,,,,,,,,,,,,,,,,,,
Antonio Williams,Clemson,WR,67,"5'11""",190,,,,,,,,,,,,,,,,,,,,,,66,,,,,,,,,,,,,,,,50,,,,45,,,,,
Eli Stowers,Vanderbilt,TE,68,"6'4""",235,,,,,,,,,55,,,,,,,,,,,,,,,,,,,,,,,,,,,,71,68,,,,,,,,,
Darrell Jackson,Florida State,DL,69,"6'5""",337,,,,,,,,,,,,,,,,,,38,,,,,,,,,,66,,,35,,,,,,,,,,,,,,,,
Josiah Trotter,Missouri,LB,70,"6'2""",237,,,,,,,,84,,,,,,49,,,,,,,,,,,,,,,,,,,,,,,,,,,,,,78,,,
Connor Lew,Auburn,IOL,71,"6'3""",300,,,,,,,,,,,,,,,,,,,,,,,,,,,,,,,,,,,,,,,,,,,,,,,
Jonah Coleman,Washington,RB,72,"5'9""",228,,,,,,,,,,,,,,,,,65,,,,,,,,,,,,66,,,,57,,,,,,,,,,,,,60,
Romello Height,Texas Tech,EDGE,73,"6'3""",235,,,,,,,,,,,,,,,,,,70,,,,,,,,,,59,,,75,,,,,,,,,,,,,,,,
Domonique Orange,Iowa State,DL,74,"6'4""",325,,,,,,,,,,,,,,,,,,38,,,,,,,,,,42,,,35,,,,,,,,,,,,,,,,
Kamari Ramsey,USC,S,75,"6'0""",205,,,,,,44,,,,,,,,,,,,,,,,,,,,,,,,,,,,,,,,,,,,,,40,,,
Kyle Louis,Pittsburgh,LB,76,"6'1""",220,,,,,,,,74,,,,,,62,,,,,,,,,,,,,,,,,,,,,,,,,,,,,,74,,,
Davison Igbinosun,Ohio State,CB,77,"6'2""",195,,,,,,65,,,,,,,,,,,,,,,,,,,,,,,,,,,,,,,,,,,,,,76,,,
Ted Hurst,Georgia State,WR,78,"6'3""",185,,,,,,,,,,,,,,,,,,,,,,77,,,,,,,,,,,,,,,,66,,,,55,,,,,
Sam Hecht,Kansas State,IOL,79,"6'4""",300,,,,,,,,,,,,,,,,,,,,,,,,,,,,,,,,,,,,,,,,,,,,,,,
Zakee Wheatley,Penn State,S,80,"6'2""",200,,,,,,38,,,,,,,,,,,,,,,,,,,,,,,,,,,,,,,,,,,,,,78,,,
Max Klare,Ohio State,TE,81,"6'5""",243,,,,,,,,,55,,,,,,,,,,,,,,,,,,,,,,,,,,,,57,57,,,,,,,,,
Malik Muhammad,Texas,CB,82,"6'0""",188,,,,,,55,,,,,,,,,,,,,,,,,,,,,,,,,,,,,,,,,,,,,,55,,,
Isaiah World,Oregon,OT,83,"6'8""",318,,,,,,,,,,,,,,,,,,,,,,,,,,,,,,,,,,,,,,,,,,,,,,,
Ja'Kobi Lane,USC,WR,84,"6'4""",200,,,,,,,,,,,,,,,,,,,,,,62,,,,,,,,,,,,,,,,71,,,,45,,,,,
Emmett Johnson,Nebraska,RB,85,"5'11""",200,,,,,,,,,,,,,,,,,79,,,,,,,,,,,,81,,,,80,,,,,,,,,,,,,74,
Brian Parker,Duke,OT,86,"6'5""",300,,,,,,,,,,,,,,,,,,,,,,,,,,,,,,,,,,,,,,,,,,,,,,,
Michael Trigg,Baylor,TE,87,"6'4""",240,,,,,,,,,55,,,,,,,,,,,,,,,,,,,,,,,,,,,,63,74,,,,,,,,,
Devin Moore,Florida,CB,88,"6'3""",198,,,,,,49,,,,,,,,,,,,,,,,,,,,,,,,,,,,,,,,,,,,,,60,,,
Skyler Bell,Connecticut,WR,89,"6'0""",185,,,,,,,,,,,,,,,,,,,,,,92,,,,,,,,,,,,,,,,58,,,,83,,,,,
Dani Dennis-Sutton,Penn State,EDGE,90,"6'5""",265,,,,,,,,,,,,,,,,,,73,,,,,,,,,,65,,,65,,,,,,,,,,,,,,,,
Keylan Rutledge,Georgia Tech,IOL,91,"6'4""",320,,,,,,,,,,,,,,,,,,,,,,,,,,,,,,,,,,,,,,,,,,,,,,,
Deontae Lawson,Alabama,LB,92,"6'2""",228,,,,,,,,56,,,,,,68,,,,,,,,,,,,,,,,,,,,,,,,,,,,,,75,,,
Genesis Smith,Arizona,S,93,"6'2""",202,,,,,,74,,,,,,,,,,,,,,,,,,,,,,,,,,,,,,,,,,,,,,80,,,
Chandler Rivers,Duke,CB,94,"5'10""",185,,,,,,74,,,,,,,,,,,,,,,,,,,,,,,,,,,,,,,,,,,,,,81,,,
Julian Neal,Arkansas,CB,95,"6'2""",200,,,,,,82,,,,,,,,,,,,,,,,,,,,,,,,,,,,,,,,,,,,,,78,,,
Jake Slaughter,Florida,IOL,96,"6'5""",303,,,,,,,,,,,,,,,,,,,,,,,,,,,,,,,,,,,,,,,,,,,,,,,
Malachi Lawrence,UCF,EDGE,97,"6'4""",250,,,,,,,,,,,,,,,,,,70,,,,,,,,,,50,,,63,,,,,,,,,,,,,,,,
Treydan Stukes,Arizona,CB,98,"6'2""",195,,,,,,65,,,,,,,,,,,,,,,,,,,,,,,,,,,,,,,,,,,,,,76,,,
Dontay Corleone,Cincinnati,DL,99,"6'1""",335,,,,,,,,,,,,,,,,,,38,,,,,,,,,,42,,,35,,,,,,,,,,,,,,,,
Logan Jones,Iowa,IOL,100,"6'3""",302,,,,,,,,,,,,,,,,,,,,,,,,,,,,,,,,,,,,,,,,,,,,,,,
Deion Burks,Oklahoma,WR,101,"5'9""",188,,,,,,,,,,,,,,,,,,,,,,68,,,,,,,,,,,,,,,,49,,,,45,,,,,
Drew Allar,Penn State,QB,102,"6'5""",235,63,,54,,,,,,,,,,,,63,,,,,,,,,,,,57,,,,,,,,,,,,,,,,,,,,
Mike Washington,Arkansas,RB,103,"6'2""",223,,,,,,,,,,,,,,,,,,,,,,,,,,,,,,,,,,,,,,,,,,,,,,,
Jalon Kilgore,South Carolina,S,104,"6'1""",211,,,,,,82,,,,,,,,,,,,,,,,,,,,,,,,,,,,,,,,,,,,,,63,,,
Bud Clark,TCU,S,105,"6'2""",185,,,,,,70,,,,,,,,,,,,,,,,,,,,,,,,,,,,,,,,,,,,,,64,,,
Gracen Halton,Oklahoma,DL,106,"6'2""",292,,,,,,,,,,,,,,,,,,55,,,,,,,,,,56,,,56,,,,,,,,,,,,,,,,
Will Lee,Texas A&M,CB,107,"6'1""",189,,,,,,70,,,,,,,,,,,,,,,,,,,,,,,,,,,,,,,,,,,,,,74,,,
Justin Joly,Nc State,TE,108,"6'3""",251,,,,,,,,,55,,,,,,,,,,,,,,,,,,,,,,,,,,,,62,55,,,,,,,,,
Kaytron Allen,Penn State,RB,109,"5'11""",217,,,,,,,,,,,,,,,,,86,,,,,,,,,,,,53,,,,70,,,,,,,,,,,,,81,
Harold Perkins,LSU,LB,110,"6'1""",222,,,,,,,,76,,,,,,55,,,,,,,,,,,,,,,,,,,,,,,,,,,,,,56,,,
Anthony Lucas,USC,EDGE,111,"6'5""",285,,,,,,,,,,,,,,,,,,40,,,,,,,,,,59,,,41,,,,,,,,,,,,,,,,
Daylen Everette,Georgia,CB,112,"6'1""",190,,,,,,74,,,,,,,,,,,,,,,,,,,,,,,,,,,,,,,,,,,,,,72,,,
Beau Stephens,Iowa,IOL,113,"6'5""",315,,,,,,,,,,,,,,,,,,,,,,,,,,,,,,,,,,,,,,,,,,,,,,,
Parker Brailsford,Alabama,IOL,114,"6'2""",290,,,,,,,,,,,,,,,,,,,,,,,,,,,,,,,,,,,,,,,,,,,,,,,
Austin Barber,Florida,OT,115,"6'6""",314,,,,,,,,,,,,,,,,,,,,,,,,,,,,,,,,,,,,,,,,,,,,,,,
Carson Beck,Miami,QB,116,"6'4""",220,86,,72,,,,,,,,,,,,60,,,,,,,,,,,,,,,,,,,,,,,,,,,,,,,,
Taurean York,Texas A&M,LB,117,"5'10""",227,,,,,,,,64,,,,,,62,,,,,,,,,,,,,,,,,,,,,,,,,,,,,,69,,,
Keyron Crawford,Auburn,EDGE,118,"6'4""",255,,,,,,,,,,,,,,,,,,64,,,,,,,,,,58,,,52,,,,,,,,,,,,,,,,
Michael Taaffe,Texas,S,119,"6'0""",189,,,,,,38,,,,,,,,,,,,,,,,,,,,,,,,,,,,,,,,,,,,,,75,,,
Kage Casey,Boise State,OT,120,"6'5""",316,,,,,,,,,,,,,,,,,,,,,,,,,,,,,,,,,,,,,,,,,,,,,,,
Oscar Delp,Georgia,TE,121,"6'5""",245,,,,,,,,,55,,,,,,,,,,,,,,,,,,,,,,,,,,,,40,70,,,,,,,,,
Nick Singleton,Penn State,RB,122,,,,,,,,,,,,,,,,,,,,,,,,,,,,,,,,,,,,,,,,,,,,,,,,,
Dametrious Crownover,Texas A&M,OT,123,"6'7""",336,,,,,,,,,,,,,,,,,,,,,,,,,,,,,,,,,,,,,,,,,,,,,,,
Jack Endries,Texas,TE,124,"6'4""",240,,,,,,,,,55,,,,,,,,,,,,,,,,,,,,,,,,,,,,50,57,,,,,,,,,
Chris McClellan,Missouri,DL,125,"6'4""",323,,,,,,,,,,,,,,,,,,59,,,,,,,,,,70,,,75,,,,,,,,,,,,,,,,
Rayshaun Benny,Michigan,DL,126,"6'4""",305,,,,,,,,,,,,,,,,,,38,,,,,,,,,,58,,,39,,,,,,,,,,,,,,,,
Jc Davis,Illinois,OT,127,"6'5""",320,,,,,,,,,,,,,,,,,,,,,,,,,,,,,,,,,,,,,,,,,,,,,,,
Kevin Coleman,Missouri,WR,128,"5'11""",180,,,,,,,,,,,,,,,,,,,,,,74,,,,,,,,,,,,,,,,50,,,,35,,,,,
Jude Bowry,Boston College,OT,129,"6'5""",311,,,,,,,,,,,,,,,,,,,,,,,,,,,,,,,,,,,,,,,,,,,,,,,
Josh Cameron,Baylor,WR,130,"6'1""",224,,,,,,,,,,,,,,,,,,,,,,75,,,,,,,,,,,,,,,,58,,,,69,,,,,
Tim Keenan,Alabama,DL,131,"6'2""",320,,,,,,,,,,,,,,,,,,38,,,,,,,,,,42,,,44,,,,,,,,,,,,,,,,
Cole Payton,North Dakota State,QB,132,,,85,,92,,,,,,,,,,,,78,,,,,,,,,,,,94,,,,,,,,,,,,,,,,,,,,
Jaishawn Barham,Michigan,LB,133,"6'3""",243,,,,,,,,82,,,,,,68,,,,,,,,,,,,,,,,,,,,,,,,,,,,,,39,,,
Brenen Thompson,Mississippi State,WR,134,"5'9""",170,,,,,,,,,,,,,,,,,,,,,,68,,,,,,,,,,,,,,,,86,,,,55,,,,,
Mikail Kamara,Indiana,EDGE,135,"6'1""",265,,,,,,,,,,,,,,,,,,57,,,,,,,,,,56,,,35,,,,,,,,,,,,,,,,
Pat Coogan,Indiana,IOL,136,"6'5""",310,,,,,,,,,,,,,,,,,,,,,,,,,,,,,,,,,,,,,,,,,,,,,,,
Tacario Davis,Washington,CB,137,"6'4""",200,,,,,,55,,,,,,,,,,,,,,,,,,,,,,,,,,,,,,,,,,,,,,44,,,
Skyler Gill-Howard,Texas Tech,DL,138,"6'1""",290,,,,,,,,,,,,,,,,,,38,,,,,,,,,,42,,,35,,,,,,,,,,,,,,,,
Zane Durant,Penn State,DL,139,"6'1""",294,,,,,,,,,,,,,,,,,,44,,,,,,,,,,47,,,60,,,,,,,,,,,,,,,,
Demonte Capehart,Clemson,DL,140,"6'5""",315,,,,,,,,,,,,,,,,,,38,,,,,,,,,,42,,,35,,,,,,,,,,,,,,,,
Louis Moore,Indiana,S,141,"5'11""",200,,,,,,49,,,,,,,,,,,,,,,,,,,,,,,,,,,,,,,,,,,,,,85,,,
Hezekiah Masses,California,CB,142,"6'1""",185,,,,,,88,,,,,,,,,,,,,,,,,,,,,,,,,,,,,,,,,,,,,,72,,,
Bryce Lance,North Dakota State,WR,143,,,,,,,,,,,,,,,,,,,,,,,,63,,,,,,,,,,,,,,,,92,,,,65,,,,,
Joe Royer,Cincinnati,TE,144,"6'5""",250,,,,,,,,,55,,,,,,,,,,,,,,,,,,,,,,,,,,,,47,77,,,,,,,,,
Drew Shelton,Penn State,OT,145,"6'5""",305,,,,,,,,,,,,,,,,,,,,,,,,,,,,,,,,,,,,,,,,,,,,,,,
Jalen Farmer,Kentucky,IOL,146,"6'5""",318,,,,,,,,,,,,,,,,,,,,,,,,,,,,,,,,,,,,,,,,,,,,,,,
Trey Zuhn,Texas A&M,OT,147,"6'6""",319,,,,,,,,,,,,,,,,,,,,,,,,,,,,,,,,,,,,,,,,,,,,,,,
Caden Curry,Ohio State,EDGE,148,"6'3""",260,,,,,,,,,,,,,,,,,,87,,,,,,,,,,86,,,82,,,,,,,,,,,,,,,,
Tyreak Sapp,Florida,EDGE,149,"6'3""",274,,,,,,,,,,,,,,,,,,40,,,,,,,,,,56,,,35,,,,,,,,,,,,,,,,
Lander Barton,Utah,LB,150,"6'5""",236,,,,,,,,52,,,,,,49,,,,,,,,,,,,,,,,,,,,,,,,,,,,,,53,,,
Nadame Tucker,Western Michigan,EDGE,151,"6'3""",250,,,,,,,,,,,,,,,,,,93,,,,,,,,,,77,,,93,,,,,,,,,,,,,,,,
Bishop Fitzgerald,USC,S,152,"5'11""",205,,,,,,49,,,,,,,,,,,,,,,,,,,,,,,,,,,,,,,,,,,,,,60,,,
Tanner Koziol,Houston,TE,153,"6'7""",240,,,,,,,,,55,,,,,,,,,,,,,,,,,,,,,,,,,,,,78,54,,,,,,,,,
Vincent Anthony,Duke,EDGE,154,"6'6""",250,,,,,,,,,,,,,,,,,,77,,,,,,,,,,56,,,63,,,,,,,,,,,,,,,,
Jeremiah Wright,Auburn,IOL,155,"6'5""",348,,,,,,,,,,,,,,,,,,,,,,,,,,,,,,,,,,,,,,,,,,,,,,,
Cj Daniels,Miami,WR,156,"6'2""",205,,,,,,,,,,,,,,,,,,,,,,63,,,,,,,,,,,,,,,,51,,,,60,,,,,
Max Llewellyn,Iowa,EDGE,157,"6'5""",263,,,,,,,,,,,,,,,,,,63,,,,,,,,,,47,,,57,,,,,,,,,,,,,,,,
Albert Regis,Texas A&M,DL,158,"6'1""",317,,,,,,,,,,,,,,,,,,38,,,,,,,,,,71,,,44,,,,,,,,,,,,,,,,
Dallen Bentley,Utah,TE,159,"6'4""",264,,,,,,,,,55,,,,,,,,,,,,,,,,,,,,,,,,,,,,61,70,,,,,,,,,
Ephesians Prysock,Washington,CB,160,"6'4""",195,,,,,,70,,,,,,,,,,,,,,,,,,,,,,,,,,,,,,,,,,,,,,72,,,
Bryce Boettcher,Oregon,LB,161,"6'2""",232,,,,,,,,58,,,,,,72,,,,,,,,,,,,,,,,,,,,,,,,,,,,,,93,,,
Sawyer Robertson,Baylor,QB,162,"6'4""",220,52,,60,,,,,,,,,,,,61,,,,,,,,,,,,,,,,,,,,,,,,,,,,,,,,
Sam Roush,Stanford,TE,163,"6'5""",260,,,,,,,,,55,,,,,,,,,,,,,,,,,,,,,,,,,,,,62,61,,,,,,,,,
Fernando Carmona,Arkansas,IOL,164,"6'5""",325,,,,,,,,,,,,,,,,,,,,,,,,,,,,,,,,,,,,,,,,,,,,,,,
Kaelon Black,Indiana,RB,165,"5'10""",210,,,,,,,,,,,,,,,,,76,,,,,,,,,,,,35,,,,65,,,,,,,,,,,,,71,
Tj Hall,Iowa,CB,166,"6'0""",190,,,,,,82,,,,,,,,,,,,,,,,,,,,,,,,,,,,,,,,,,,,,,72,,,
Nate Boerkircher,Texas A&M,TE,167,"6'4""",250,,,,,,,,,55,,,,,,,,,,,,,,,,,,,,,,,,,,,,40,56,,,,,,,,,
Reggie Virgil,Texas Tech,WR,168,"6'3""",190,,,,,,,,,,,,,,,,,,,,,,,,,,,,,,,,,,,,,,,,,,,,,,,
Ar'Maj Reed-Adams,Texas A&M,IOL,169,"6'5""",325,,,,,,,,,,,,,,,,,,,,,,,,,,,,,,,,,,,,,,,,,,,,,,,
Eli Raridon,Notre Dame,TE,170,"6'7""",251,,,,,,,,,55,,,,,,,,,,,,,,,,,,,,,,,,,,,,49,80,,,,,,,,,
Vj Payne,Kansas State,S,171,"6'3""",208,,,,,,49,,,,,,,,,,,,,,,,,,,,,,,,,,,,,,,,,,,,,,67,,,
Taylen Green,Arkansas,QB,172,"6'6""",224,52,,74,,,,,,,,,,,,48,,,,,,,,,,,,94,,,,,,,,,,,,,,,,,,,,
Dae'Quan Wright,Mississippi,TE,173,,,,,,,,,,,55,,,,,,,,,,,,,,,,,,,,,,,,,,,,54,85,,,,,,,,,
Jalon Daniels,Kansas,QB,174,"6'0""",220,55,,68,,,,,,,,,,,,70,,,,,,,,,,,,77,,,,,,,,,,,,,,,,,,,,
Aiden Fisher,Indiana,LB,175,"6'1""",233,,,,,,,,84,,,,,,49,,,,,,,,,,,,,,,,,,,,,,,,,,,,,,85,,,
Kendal Daniels,Oklahoma,S,176,"6'5""",242,,,,,,49,,,,,,,,,,,,,,,,,,,,,,,,,,,,,,,,,,,,,,63,,,
Keyshaun Elliott,Arizona State,LB,177,"6'2""",235,,,,,,,,95,,,,,,55,,,,,,,,,,,,,,,,,,,,,,,,,,,,,,86,,,
Dj Campbell,Texas,IOL,178,"6'3""",321,,,,,,,,,,,,,,,,,,,,,,,,,,,,,,,,,,,,,,,,,,,,,,,
John Michael Gyllenborg,Wyoming,TE,179,"6'5""",250,,,,,,,,,,,,,,,,,,,,,,,,,,,,,,,,,,,,,,,,,,,,,,,
Zxavian Harris,Mississippi,DL,180,,,,,,,,,,,,,,,,,,,,63,,,,,,,,,,78,,,52,,,,,,,,,,,,,,,,
Kaden Wetjen,Iowa,WR,181,"5'9""",196,,,,,,,,,,,,,,,,,,,,,,40,,,,,,,,,,,,,,,,35,,,,35,,,,,
Fa'Alili Fa'Amoe,Wake Forest,OT,182,"6'5""",317,,,,,,,,,,,,,,,,,,,,,,,,,,,,,,,,,,,,,,,,,,,,,,,
Matt Gulbin,Michigan State,IOL,183,"6'4""",312,,,,,,,,,,,,,,,,,,,,,,,,,,,,,,,,,,,,,,,,,,,,,,,
Jager Burton,Kentucky,IOL,184,"6'4""",323,,,,,,,,,,,,,,,,,,,,,,,,,,,,,,,,,,,,,,,,,,,,,,,
Eric McAlister,TCU,WR,185,"6'3""",205,,,,,,,,,,,,,,,,,,,,,,77,,,,,,,,,,,,,,,,78,,,,73,,,,,
De'Zhaun Stribling,Mississippi,WR,186,,,,,,,,,,,,,,,,,,,,,,,,66,,,,,,,,,,,,,,,,69,,,,55,,,,,
Riley Nowakowski,Indiana,TE,187,"6'2""",243,,,,,,,,,55,,,,,,,,,,,,,,,,,,,,,,,,,,,,49,65,,,,,,,,,
Keagen Trost,Missouri,IOL,188,"6'4""",316,,,,,,,,,,,,,,,,,,,,,,,,,,,,,,,,,,,,,,,,,,,,,,,
Cade Klubnik,Clemson,QB,189,"6'2""",210,66,,63,,,,,,,,,,,,63,,,,,,,,,,,,47,,,,,,,,,,,,,,,,,,,,
Aamil Wagner,Notre Dame,OT,190,"6'6""",296,,,,,,,,,,,,,,,,,,,,,,,,,,,,,,,,,,,,,,,,,,,,,,,
Cole Wisniewski,Texas Tech,S,191,"6'4""",220,,,,,,65,,,,,,,,,,,,,,,,,,,,,,,,,,,,,,,,,,,,,,79,,,
Markel Bell,Miami,OT,192,"6'9""",340,,,,,,,,,,,,,,,,,,,,,,,,,,,,,,,,,,,,,,,,,,,,,,,
Josh Cuevas,Alabama,TE,193,"6'3""",256,,,,,,,,,55,,,,,,,,,,,,,,,,,,,,,,,,,,,,53,61,,,,,,,,,
Domani Jackson,Alabama,CB,194,"6'1""",196,,,,,,38,,,,,,,,,,,,,,,,,,,,,,,,,,,,,,,,,,,,,,63,,,
Febechi Nwaiwu,Oklahoma,IOL,195,"6'4""",326,,,,,,,,,,,,,,,,,,,,,,,,,,,,,,,,,,,,,,,,,,,,,,,
Roman Hemby,Indiana,RB,196,"6'0""",208,,,,,,,,,,,,,,,,,61,,,,,,,,,,,,52,,,,75,,,,,,,,,,,,,61,
Barion Brown,LSU,WR,197,"5'11""",185,,,,,,,,,,,,,,,,,,,,,,65,,,,,,,,,,,,,,,,45,,,,35,,,,,
Jadon Canady,Oregon,CB,198,"5'11""",185,,,,,,65,,,,,,,,,,,,,,,,,,,,,,,,,,,,,,,,,,,,,,64,,,
Lewis Bond,Boston College,WR,199,"5'11""",190,,,,,,,,,,,,,,,,,,,,,,87,,,,,,,,,,,,,,,,52,,,,35,,,,,
Eric Gentry,USC,LB,200,"6'6""",225,,,,,,,,71,,,,,,55,,,,,,,,,,,,,,,,,,,,,,,,,,,,,,69,,,
Devon Marshall,Nc State,CB,201,"5'11""",200,,,,,,93,,,,,,,,,,,,,,,,,,,,,,,,,,,,,,,,,,,,,,74,,,
Demond Claiborne,Wake Forest,RB,202,"5'10""",195,,,,,,,,,,,,,,,,,68,,,,,,,,,,,,63,,,,63,,,,,,,,,,,,,63,
Jaeden Roberts,Alabama,IOL,203,"6'5""",327,,,,,,,,,,,,,,,,,,,,,,,,,,,,,,,,,,,,,,,,,,,,,,,
J'Mari Taylor,Virginia,RB,204,"5'9""",204,,,,,,,,,,,,,,,,,64,,,,,,,,,,,,78,,,,73,,,,,,,,,,,,,59,
Thaddeus Dixon,North Carolina,CB,205,"6'1""",185,,,,,,65,,,,,,,,,,,,,,,,,,,,,,,,,,,,,,,,,,,,,,44,,,
Adam Randall,Clemson,RB,206,"6'2""",230,,,,,,,,,,,,,,,,,65,,,,,,,,,,,,71,,,,60,,,,,,,,,,,,,60,
Xavian Sorey,Arkansas,LB,207,"6'3""",231,,,,,,,,71,,,,,,62,,,,,,,,,,,,,,,,,,,,,,,,,,,,,,76,,,
Marlin Klein,Michigan,TE,208,"6'6""",250,,,,,,,,,55,,,,,,,,,,,,,,,,,,,,,,,,,,,,43,57,,,,,,,,,
Jakobe Thomas,Miami,S,209,"6'2""",200,,,,,,65,,,,,,,,,,,,,,,,,,,,,,,,,,,,,,,,,,,,,,79,,,
Billy Schrauth,Notre Dame,IOL,210,"6'4""",305,,,,,,,,,,,,,,,,,,,,,,,,,,,,,,,,,,,,,,,,,,,,,,,
Kaleb Proctor,Southeastern Louisiana,DL,211,,,,,,,,,,,,,,,,,,,,38,,,,,,,,,,42,,,44,,,,,,,,,,,,,,,,
Nick Barrett,South Carolina,DL,212,"6'3""",322,,,,,,,,,,,,,,,,,,51,,,,,,,,,,65,,,44,,,,,,,,,,,,,,,,
Robert Henry,UTSA,RB,213,"5'9""",205,,,,,,,,,,,,,,,,,89,,,,,,,,,,,,53,,,,55,,,,,,,,,,,,,89,
Chase Roberts,BYU,WR,214,"6'4""",210,,,,,,,,,,,,,,,,,,,,,,66,,,,,,,,,,,,,,,,69,,,,55,,,,,
Jalen Huskey,Maryland,CB,215,"6'2""",201,,,,,,44,,,,,,,,,,,,,,,,,,,,,,,,,,,,,,,,,,,,,,82,,,
Seth McGowan,Kentucky,RB,216,"6'1""",215,,,,,,,,,,,,,,,,,58,,,,,,,,,,,,54,,,,59,,,,,,,,,,,,,53,
Anez Cooper,Miami,IOL,217,"6'6""",350,,,,,,,,,,,,,,,,,,,,,,,,,,,,,,,,,,,,,,,,,,,,,,,
Charles Demmings,Stephen F Austin,CB,218,,,,,,,,38,,,,,,,,,,,,,,,,,,,,,,,,,,,,,,,,,,,,,,38,,,
David Gusta,Kentucky,DL,219,"6'3""",317,,,,,,,,,,,,,,,,,,38,,,,,,,,,,42,,,35,,,,,,,,,,,,,,,,
James Brockermeyer,Miami,IOL,220,"6'3""",295,,,,,,,,,,,,,,,,,,,,,,,,,,,,,,,,,,,,,,,,,,,,,,,
Deven Eastern,Minnesota,DL,221,"6'6""",320,,,,,,,,,,,,,,,,,,47,,,,,,,,,,61,,,48,,,,,,,,,,,,,,,,
Caleb Douglas,Texas Tech,WR,222,"6'4""",210,,,,,,,,,,,,,,,,,,,,,,65,,,,,,,,,,,,,,,,73,,,,60,,,,,
Landon Robinson,Navy,DL,223,"6'0""",287,,,,,,,,,,,,,,,,,,59,,,,,,,,,,83,,,75,,,,,,,,,,,,,,,,
Kaleb Elarms-Orr,TCU,LB,224,"6'2""",235,,,,,,,,84,,,,,,55,,,,,,,,,,,,,,,,,,,,,,,,,,,,,,93,,,
Aaron Anderson,LSU,WR,225,"5'8""",188,,,,,,,,,,,,,,,,,,,,,,50,,,,,,,,,,,,,,,,55,,,,35,,,,,
Riley Mahlman,Wisconsin,OT,226,"6'8""",320,,,,,,,,,,,,,,,,,,,,,,,,,,,,,,,,,,,,,,,,,,,,,,,
Jordan Hudson,Smu,WR,227,"6'1""",200,,,,,,,,,,,,,,,,,,,,,,71,,,,,,,,,,,,,,,,58,,,,55,,,,,
Quintayvious Hutchins,Boston College,EDGE,228,"6'3""",240,,,,,,,,,,,,,,,,,,40,,,,,,,,,,58,,,35,,,,,,,,,,,,,,,,
Logan Fano,Utah,EDGE,229,"6'5""",249,,,,,,,,,,,,,,,,,,57,,,,,,,,,,66,,,49,,,,,,,,,,,,,,,,
Jack Kelly,BYU,LB,230,"6'2""",242,,,,,,,,95,,,,,,49,,,,,,,,,,,,,,,,,,,,,,,,,,,,,,54,,,
Jalen McMurray,Tennessee,CB,231,"6'0""",187,,,,,,60,,,,,,,,,,,,,,,,,,,,,,,,,,,,,,,,,,,,,,79,,,
Trey Moore,Texas,EDGE,232,"6'3""",249,,,,,,,,,,,,,,,,,,47,,,,,,,,,,56,,,41,,,,,,,,,,,,,,,,
Eli Heidenreich,Navy,RB,233,"6'0""",206,,,,,,,,,,,,,,,,,,,,,,,,,,,,,,,,,,,,,,,,,,,,,,,
Andre Fuller,Toledo,CB,234,"6'2""",202,,,,,,82,,,,,,,,,,,,,,,,,,,,,,,,,,,,,,,,,,,,,,73,,,
Cameron Ball,Arkansas,DL,235,"6'5""",326,,,,,,,,,,,,,,,,,,44,,,,,,,,,,49,,,35,,,,,,,,,,,,,,,,
Le'Veon Moss,Texas A&M,RB,236,"5'11""",210,,,,,,,,,,,,,,,,,66,,,,,,,,,,,,35,,,,45,,,,,,,,,,,,,66,
Xavier Nwankpa,Iowa,S,237,"6'2""",213,,,,,,38,,,,,,,,,,,,,,,,,,,,,,,,,,,,,,,,,,,,,,79,,,
Justin Jefferson,Alabama,LB,238,"6'1""",227,,,,,,,,69,,,,,,72,,,,,,,,,,,,,,,,,,,,,,,,,,,,,,74,,,
Robert Spears-Jennings,Oklahoma,S,239,"6'0""",213,,,,,,44,,,,,,,,,,,,,,,,,,,,,,,,,,,,,,,,,,,,,,67,,,
Dane Key,Nebraska,WR,240,"6'3""",210,,,,,,,,,,,,,,,,,,,,,,54,,,,,,,,,,,,,,,,53,,,,50,,,,,
Carver Willis,Washington,OT,241,"6'5""",291,,,,,,,,,,,,,,,,,,,,,,,,,,,,,,,,,,,,,,,,,,,,,,,
Connor Tollison,Missouri,IOL,242,"6'4""",285,,,,,,,,,,,,,,,,,,,,,,,,,,,,,,,,,,,,,,,,,,,,,,,
Tyren Montgomery,John Carroll,WR,243,,,,,,,,,,,,,,,,,,,,,,,,,,,,,,,,,,,,,,,,,,,,,,,,,
Ryan Eckley,Michigan State,P,244,"6'2""",207,,,,,,,,,,,,,,,,,,,,,,,,,,,,,,,,,,,,,,,,,,,,,,,
Alex Harkey,Oregon,OT,245,"6'6""",327,,,,,,,,,,,,,,,,,,,,,,,,,,,,,,,,,,,,,,,,,,,,,,,
Jalen Stroman,Notre Dame,S,246,"6'1""",199,,,,,,44,,,,,,,,,,,,,,,,,,,,,,,,,,,,,,,,,,,,,,49,,,
Devan Boykin,Indiana,S,247,"5'10""",195,,,,,,60,,,,,,,,,,,,,,,,,,,,,,,,,,,,,,,,,,,,,,68,,,
Emmanuel Henderson,Kansas,WR,248,"6'1""",190,,,,,,,,,,,,,,,,,,,,,,59,,,,,,,,,,,,,,,,80,,,,50,,,,,
Cyrus Allen,Cincinnati,WR,249,"5'11""",180,,,,,,,,,,,,,,,,,,,,,,63,,,,,,,,,,,,,,,,61,,,,80,,,,,
Jalen Catalon,Missouri,S,250,"5'10""",200,,,,,,38,,,,,,,,,,,,,,,,,,,,,,,,,,,,,,,,,,,,,,51,,,
Jeadyn Lukus,Clemson,CB,251,"6'2""",200,,,,,,38,,,,,,,,,,,,,,,,,,,,,,,,,,,,,,,,,,,,,,38,,,
Noah Whittington,Oregon,RB,252,"5'8""",203,,,,,,,,,,,,,,,,,84,,,,,,,,,,,,54,,,,51,,,,,,,,,,,,,84,
Micah Morris,Georgia,IOL,253,"6'4""",330,,,,,,,,,,,,,,,,,,,,,,,,,,,,,,,,,,,,,,,,,,,,,,,
Jeffrey M'Ba,Smu,DL,254,"6'6""",312,,,,,,,,,,,,,,,,,,57,,,,,,,,,,65,,,72,,,,,,,,,,,,,,,,
Jamarion Miller,Alabama,RB,255,"5'10""",221,,,,,,,,,,,,,,,,,46,,,,,,,,,,,,54,,,,51,,,,,,,,,,,,,46,
Jaydn Ott,Oklahoma,RB,256,"5'11""",208,,,,,,,,,,,,,,,,,,,,,,,,,,,,,,,,,,,,,,,,,,,,,,,
Logan Taylor,Boston College,IOL,257,"6'7""",312,,,,,,,,,,,,,,,,,,,,,,,,,,,,,,,,,,,,,,,,,,,,,,,
Jimmy Rolder,Michigan,LB,258,"6'2""",240,,,,,,,,68,,,,,,49,,,,,,,,,,,,,,,,,,,,,,,,,,,,,,70,,,
Chip Trayanum,Toledo,RB,259,"5'11""",227,,,,,,,,,,,,,,,,,,,,,,,,,,,,,,,,,,,,,,,,,,,,,,,
Eric Rivers,Georgia Tech,WR,260,"5'11""",180,,,,,,,,,,,,,,,,,,,,,,60,,,,,,,,,,,,,,,,66,,,,35,,,,,
Dan Villari,Syracuse,TE,261,"6'4""",245,,,,,,,,,55,,,,,,,,,,,,,,,,,,,,,,,,,,,,54,58,,,,,,,,,
Zavion Thomas,LSU,WR,262,"5'10""",192,,,,,,,,,,,,,,,,,,,,,,56,,,,,,,,,,,,,,,,55,,,,45,,,,,
Nyjalik Kelly,UCF,EDGE,263,"6'5""",250,,,,,,,,,,,,,,,,,,57,,,,,,,,,,68,,,35,,,,,,,,,,,,,,,,
Namdi Obiazor,TCU,LB,264,"6'3""",220,,,,,,,,56,,,,,,49,,,,,,,,,,,,,,,,,,,,,,,,,,,,,,81,,,
Drew Stevens,Iowa,K,265,"6'1""",205,,,,,,,,,,,,,,,,,,,,,,,,,,,,,,,,,,,,,,,,,,,,,,,
Scooby Williams,Texas A&M,LB,266,"6'2""",230,,,,,,,,54,,,,,,42,,,,,,,,,,,,,,,,,,,,,,,,,,,,,,38,,,
Will Kacmarek,Ohio State,TE,267,"6'6""",258,,,,,,,,,55,,,,,,,,,,,,,,,,,,,,,,,,,,,,40,61,,,,,,,,,
Luke Basso,Oregon,LS,268,"6'3""",216,,,,,,,,,,,,,,,,,,,,,,,,,,,,,,,,,,,,,,,,,,,,,,,
Bryson Eason,Tennessee,DL,269,"6'3""",315,,,,,,,,,,,,,,,,,,44,,,,,,,,,,54,,,35,,,,,,,,,,,,,,,,
Fred Davis,Northwestern,CB,270,"6'1""",200,,,,,,65,,,,,,,,,,,,,,,,,,,,,,,,,,,,,,,,,,,,,,46,,,
Caullin Lacy,Louisville,WR,271,"5'10""",190,,,,,,,,,,,,,,,,,,,,,,70,,,,,,,,,,,,,,,,48,,,,35,,,,,
Beau Gardner,Georgia,LS,272,"6'5""",250,,,,,,,,,,,,,,,,,,,,,,,,,,,,,,,,,,,,,,,,,,,,,,,
Devin Voisin,South Alabama,WR,273,"5'10""",187,,,,,,,,,,,,,,,,,,,,,,74,,,,,,,,,,,,,,,,53,,,,45,,,,,
Will Ferrin,BYU,K,274,"6'3""",175,,,,,,,,,,,,,,,,,,,,,,,,,,,,,,,,,,,,,,,,,,,,,,,
Ceyair Wright,Nebraska,CB,275,"6'0""",190,,,,,,60,,,,,,,,,,,,,,,,,,,,,,,,,,,,,,,,,,,,,,54,,,
Luke Altmyer,Illinois,QB,276,"6'2""",205,71,,73,,,,,,,,,,,,81,,,,,,,,,,,,64,,,,,,,,,,,,,,,,,,,,
Miller Moss,Louisville,QB,277,"6'2""",210,62,,56,,,,,,,,,,,,57,,,,,,,,,,,,,,,,,,,,,,,,,,,,,,,,
Keyshawn James-Newby,New Mexico,EDGE,278,"6'2""",244,,,,,,,,,,,,,,,,,,83,,,,,,,,,,75,,,73,,,,,,,,,,,,,,,,
Kejon Owens,Florida International,RB,279,"5'11""",210,,,,,,,,,,,,,,,,,86,,,,,,,,,,,,53,,,,71,,,,,,,,,,,,,81,
Colbie Young,Georgia,WR,280,"6'3""",215,,,,,,,,,,,,,,,,,,,,,,45,,,,,,,,,,,,,,,,64,,,,35,,,,,
Tristan Leigh,Clemson,OT,281,"6'6""",310,,,,,,,,,,,,,,,,,,,,,,,,,,,,,,,,,,,,,,,,,,,,,,,
Tyler Onyedim,Texas A&M,DL,282,"6'3""",295,,,,,,,,,,,,,,,,,,63,,,,,,,,,,70,,,52,,,,,,,,,,,,,,,,
Tj Guy,Michigan,EDGE,283,"6'4""",250,,,,,,,,,,,,,,,,,,38,,,,,,,,,,40,,,35,,,,,,,,,,,,,,,,
James Thompson,Illinois,DL,284,"6'6""",300,,,,,,,,,,,,,,,,,,38,,,,,,,,,,63,,,44,,,,,,,,,,,,,,,,
Caden Barnett,Wyoming,OT,285,"6'5""",320,,,,,,,,,,,,,,,,,,,,,,,,,,,,,,,,,,,,,,,,,,,,,,,
Delby Lemieux,Dartmouth,IOL,286,,,,,,,,,,,,,,,,,,,,,,,,,,,,,,,,,,,,,,,,,,,,,,,,,
Rj Maryland,Smu,TE,287,"6'4""",240,,,,,,,,,55,,,,,,,,,,,,,,,,,,,,,,,,,,,,45,65,,,,,,,,,
Cole Brevard,Texas,DL,288,"6'3""",346,,,,,,,,,,,,,,,,,,38,,,,,,,,,,42,,,35,,,,,,,,,,,,,,,,
Aaron Hall,Duke,DL,289,"6'4""",290,,,,,,,,,,,,,,,,,,70,,,,,,,,,,66,,,48,,,,,,,,,,,,,,,,
Jakari Foster,Louisiana Tech,S,290,"6'0""",206,,,,,,55,,,,,,,,,,,,,,,,,,,,,,,,,,,,,,,,,,,,,,64,,,
Trey Smack,Florida,K,291,"6'1""",201,,,,,,,,,,,,,,,,,,,,,,,,,,,,,,,,,,,,,,,,,,,,,,,
Andrew Gentry,BYU,OT,292,"6'8""",315,,,,,,,,,,,,,,,,,,,,,,,,,,,,,,,,,,,,,,,,,,,,,,,
Carsen Ryan,BYU,TE,293,"6'4""",250,,,,,,,,,55,,,,,,,,,,,,,,,,,,,,,,,,,,,,59,74,,,,,,,,,
Seydou Traore,Mississippi State,TE,294,"6'4""",235,,,,,,,,,55,,,,,,,,,,,,,,,,,,,,,,,,,,,,51,58,,,,,,,,,
Deshon Singleton,Nebraska,S,295,"6'3""",210,,,,,,55,,,,,,,,,,,,,,,,,,,,,,,,,,,,,,,,,,,,,,75,,,
Miles Kitselman,Tennessee,TE,296,"6'5""",255,,,,,,,,,55,,,,,,,,,,,,,,,,,,,,,,,,,,,,45,54,,,,,,,,,
Jeff Caldwell,Cincinnati,WR,297,"6'5""",215,,,,,,,,,,,,,,,,,,,,,,49,,,,,,,,,,,,,,,,70,,,,55,,,,,
Patrick Payton,LSU,EDGE,298,"6'6""",255,,,,,,,,,,,,,,,,,,44,,,,,,,,,,55,,,35,,,,,,,,,,,,,,,,
Red Murdock,Buffalo,LB,299,"6'3""",240,,,,,,,,,,,,,,,,,,,,,,,,,,,,,,,,,,,,,,,,,,,,,,,
Dj Harvey,USC,CB,300,"5'10""",190,,,,,,44,,,,,,,,,,,,,,,,,,,,,,,,,,,,,,,,,,,,,,38,,,
Jaylon Guilbeau,Texas,CB,301,"6'0""",183,,,,,,49,,,,,,,,,,,,,,,,,,,,,,,,,,,,,,,,,,,,,,65,,,
Wesley Bissainthe,Miami,LB,302,"6'1""",205,,,,,,,,47,,,,,,42,,,,,,,,,,,,,,,,,,,,,,,,,,,,,,69,,,
Dq Smith,South Carolina,S,303,"6'1""",219,,,,,,38,,,,,,,,,,,,,,,,,,,,,,,,,,,,,,,,,,,,,,71,,,
Marcus Allen,North Carolina,CB,304,"6'2""",190,,,,,,74,,,,,,,,,,,,,,,,,,,,,,,,,,,,,,,,,,,,,,60,,,
James Neal,Iowa State,IOL,305,"6'6""",325,,,,,,,,,,,,,,,,,,,,,,,,,,,,,,,,,,,,,,,,,,,,,,,
Austin Brown,Wisconsin,S,306,"6'1""",213,,,,,,49,,,,,,,,,,,,,,,,,,,,,,,,,,,,,,,,,,,,,,52,,,
Ahmari Harvey,Georgia Tech,CB,307,"6'0""",195,,,,,,70,,,,,,,,,,,,,,,,,,,,,,,,,,,,,,,,,,,,,,50,,,
Caden Fordham,Nc State,LB,308,"6'1""",232,,,,,,,,79,,,,,,62,,,,,,,,,,,,,,,,,,,,,,,,,,,,,,93,,,
Behren Morton,Texas Tech,QB,309,"6'2""",220,66,,74,,,,,,,,,,,,76,,,,,,,,,,,,,,,,,,,,,,,,,,,,,,,,
Malik Benson,Oregon,WR,310,"6'1""",195,,,,,,,,,,,,,,,,,,,,,,57,,,,,,,,,,,,,,,,79,,,,55,,,,,
Giovanni El-Hadi,Michigan,IOL,311,"6'5""",315,,,,,,,,,,,,,,,,,,,,,,,,,,,,,,,,,,,,,,,,,,,,,,,
Michael Heldman,Central Michigan,EDGE,312,"6'4""",260,,,,,,,,,,,,,,,,,,87,,,,,,,,,,71,,,84,,,,,,,,,,,,,,,,
Aidan Hubbard,Northwestern,EDGE,313,"6'4""",255,,,,,,,,,,,,,,,,,,66,,,,,,,,,,48,,,65,,,,,,,,,,,,,,,,
West Weeks,LSU,LB,314,"6'2""",235,,,,,,,,72,,,,,,49,,,,,,,,,,,,,,,,,,,,,,,,,,,,,,72,,,
Travis Burke,Memphis,OT,315,"6'9""",315,,,,,,,,,,,,,,,,,,,,,,,,,,,,,,,,,,,,,,,,,,,,,,,
Kolbey Taylor,Vanderbilt,CB,316,"6'3""",190,,,,,,49,,,,,,,,,,,,,,,,,,,,,,,,,,,,,,,,,,,,,,49,,,
Karson Sharar,Iowa,LB,317,"6'2""",235,,,,,,,,86,,,,,,49,,,,,,,,,,,,,,,,,,,,,,,,,,,,,,77,,,
Tommy Doman,Florida,P,318,"6'4""",218,,,,,,,,,,,,,,,,,,,,,,,,,,,,,,,,,,,,,,,,,,,,,,,
Garrison Grimes,BYU,LS,319,"6'2""",220,,,,,,,,,,,,,,,,,,,,,,,,,,,,,,,,,,,,,,,,,,,,,,,
Bauer Sharp,LSU,TE,320,"6'5""",246,,,,,,,,,55,,,,,,,,,,,,,,,,,,,,,,,,,,,,43,58,,,,,,,,,
Jackson Kuwatch,Miami,EDGE,321,"6'4""",235,,,,,,,,,,,,,,,,,,66,,,,,,,,,,93,,,52,,,,,,,,,,,,,,,,
Jarod Washington,South Carolina State,CB,322,,,,,,,,44,,,,,,,,,,,,,,,,,,,,,,,,,,,,,,,,,,,,,,39,,,
Tyler Duzansky,Penn State,LS,323,"6'4""",222,,,,,,,,,,,,,,,,,,,,,,,,,,,,,,,,,,,,,,,,,,,,,,,
Declan Williams,Incarnate Word,LB,324,,,,,,,,,,38,,,,,,42,,,,,,,,,,,,,,,,,,,,,,,,,,,,,,38,,,
David Blay,Miami,DL,325,"6'4""",303,,,,,,,,,,,,,,,,,,38,,,,,,,,,,51,,,35,,,,,,,,,,,,,,,,
Jack Stonehouse,Syracuse,P,326,"6'1""",215,,,,,,,,,,,,,,,,,,,,,,,,,,,,,,,,,,,,,,,,,,,,,,,
Kentrel Bullock,South Alabama,RB,327,"5'10""",205,,,,,,,,,,,,,,,,,67,,,,,,,,,,,,49,,,,72,,,,,,,,,,,,,62,
Dillon Wade,Auburn,IOL,328,"6'4""",315,,,,,,,,,,,,,,,,,,,,,,,,,,,,,,,,,,,,,,,,,,,,,,,
Gary Smith,UCLA,DL,329,"6'2""",340,,,,,,,,,,,,,,,,,,38,,,,,,,,,,63,,,35,,,,,,,,,,,,,,,,
Joe Cooper,Slippery Rock,OT,330,,,,,,,,,,,,,,,,,,,,,,,,,,,,,,,,,,,,,,,,,,,,,,,,,
Michael Wortham,Montana,WR,331,,,,,,,,,,,,,,,,,,,,,,,,85,,,,,,,,,,,,,,,,67,,,,73,,,,,
Evan Beerntsen,Northwestern,IOL,332,"6'4""",310,,,,,,,,,,,,,,,,,,,,,,,,,,,,,,,,,,,,,,,,,,,,,,,
Joe Fagnano,Connecticut,QB,333,"6'4""",225,76,,74,,,,,,,,,,,,95,,,,,,,,,,,,52,,,,,,,,,,,,,,,,,,,,
Myles Rowser,Arizona State,S,334,"6'1""",195,,,,,,49,,,,,,,,,,,,,,,,,,,,,,,,,,,,,,,,,,,,,,84,,,
Dalton Johnson,Arizona,S,335,"5'11""",198,,,,,,70,,,,,,,,,,,,,,,,,,,,,,,,,,,,,,,,,,,,,,85,,,
Vinny Anthony,Wisconsin,WR,336,"6'0""",190,,,,,,,,,,,,,,,,,,,,,,48,,,,,,,,,,,,,,,,58,,,,35,,,,,
Chris Hilton,LSU,WR,337,"6'0""",190,,,,,,,,,,,,,,,,,,,,,,40,,,,,,,,,,,,,,,,56,,,,35,,,,,
Eric O'Neill,Rutgers,EDGE,338,"6'3""",261,,,,,,,,,,,,,,,,,,66,,,,,,,,,,59,,,38,,,,,,,,,,,,,,,,
Hank Beatty,Illinois,WR,339,"5'11""",185,,,,,,,,,,,,,,,,,,,,,,76,,,,,,,,,,,,,,,,57,,,,40,,,,,
Jayden Williams,Mississippi,OT,340,"5'11""",185,,,,,,,,,,,,,,,,,,,,,,,,,,,,,,,,,,,,,,,,,,,,,,,
Wesley Williams,Duke,DL,341,"6'3""",265,,,,,,,,,,,,,,,,,,59,,,,,,,,,,65,,,44,,,,,,,,,,,,,,,,
Josh Moten,Southern Mississippi,CB,342,"6'0""",185,,,,,,82,,,,,,,,,,,,,,,,,,,,,,,,,,,,,,,,,,,,,,82,,,
Jamal Haynes,Georgia Tech,RB,343,"5'9""",190,,,,,,,,,,,,,,,,,52,,,,,,,,,,,,68,,,,50,,,,,,,,,,,,,52,
Keeshawn Silver,USC,DL,344,"6'4""",330,,,,,,,,,,,,,,,,,,38,,,,,,,,,,42,,,35,,,,,,,,,,,,,,,,
Dontae Balfour,Texas Tech,CB,345,"6'1""",185,,,,,,60,,,,,,,,,,,,,,,,,,,,,,,,,,,,,,,,,,,,,,47,,,
Dominic Zvada,Michigan,K,346,"6'3""",187,,,,,,,,,,,,,,,,,,,,,,,,,,,,,,,,,,,,,,,,,,,,,,,
Mason Reiger,Wisconsin,EDGE,347,"6'5""",250,,,,,,,,,,,,,,,,,,51,,,,,,,,,,54,,,52,,,,,,,,,,,,,,,,
Damonic Williams,Oklahoma,DL,348,"6'1""",323,,,,,,,,,,,,,,,,,,47,,,,,,,,,,49,,,44,,,,,,,,,,,,,,,,
Jaden Dugger,Louisiana,LB,349,"6'5""",239,,,,,,,,89,,,,,,62,,,,,,,,,,,,,,,,,,,,,,,,,,,,,,93,,,
Kendrick Law,Kentucky,WR,350,"6'0""",205,,,,,,,,,,,,,,,,,,,,,,65,,,,,,,,,,,,,,,,46,,,,40,,,,,
Skyler Thomas,Oregon State,S,351,"6'2""",212,,,,,,55,,,,,,,,,,,,,,,,,,,,,,,,,,,,,,,,,,,,,,80,,,
Jack Pyburn,LSU,EDGE,352,"6'4""",264,,,,,,,,,,,,,,,,,,51,,,,,,,,,,74,,,35,,,,,,,,,,,,,,,,
Keelan Marion,Miami,WR,353,"6'0""",195,,,,,,,,,,,,,,,,,,,,,,68,,,,,,,,,,,,,,,,60,,,,35,,,,,
Terry Webb,Smu,DL,354,"6'3""",313,,,,,,,,,,,,,,,,,,55,,,,,,,,,,68,,,72,,,,,,,,,,,,,,,,
Curtis Allen,Virginia Union,RB,355,,,,,,,,,,,,,,,,,,,,,,,,,,,,,,,,,,,,,,,,,,,,,,,,,
Cj Donaldson,Ohio State,RB,356,"6'2""",232,,,,,,,,,,,,,,,,,49,,,,,,,,,,,,50,,,,45,,,,,,,,,,,,,44,
Aaron Graves,Iowa,DL,357,"6'5""",295,,,,,,,,,,,,,,,,,,53,,,,,,,,,,60,,,68,,,,,,,,,,,,,,,,
Athan Kaliakmanis,Rutgers,QB,358,"6'3""",212,56,,76,,,,,,,,,,,,65,,,,,,,,,,,,,,,,,,,,,,,,,,,,,,,,
Blake Cotton,Utah,CB,359,"6'2""",190,,,,,,70,,,,,,,,,,,,,,,,,,,,,,,,,,,,,,,,,,,,,,52,,,
Isaiah Nwokobia,Smu,S,360,"6'1""",205,,,,,,70,,,,,,,,,,,,,,,,,,,,,,,,,,,,,,,,,,,,,,82,,,
Kobe Baynes,Kansas,IOL,361,"6'4""",315,,,,,,,,,,,,,,,,,,,,,,,,,,,,,,,,,,,,,,,,,,,,,,,
Desmond Reid,Pittsburgh,RB,362,"5'8""",175,,,,,,,,,,,,,,,,,57,,,,,,,,,,,,58,,,,45,,,,,,,,,,,,,57,
Diego Pavia,Vanderbilt,QB,363,"6'0""",207,81,,86,,,,,,,,,,,,76,,,,,,,,,,,,95,,,,,,,,,,,,,,,,,,,,
Garrett Digiorgio,UCLA,OT,364,"6'7""",320,,,,,,,,,,,,,,,,,,,,,,,,,,,,,,,,,,,,,,,,,,,,,,,
George Gumbs,Florida,EDGE,365,"6'4""",250,,,,,,,,,,,,,,,,,,53,,,,,,,,,,53,,,35,,,,,,,,,,,,,,,,
Jacob Thomas,James Madison,S,366,"6'1""",212,,,,,,70,,,,,,,,,,,,,,,,,,,,,,,,,,,,,,,,,,,,,,72,,,
Nolan Rucci,Penn State,OT,367,"6'8""",307,,,,,,,,,,,,,,,,,,,,,,,,,,,,,,,,,,,,,,,,,,,,,,,
Jmichael Sturdivant,Florida,WR,368,"6'3""",213,,,,,,,,,,,,,,,,,,,,,,45,,,,,,,,,,,,,,,,70,,,,40,,,,,
Elijah Pritchett,Nebraska,OT,369,"6'6""",325,,,,,,,,,,,,,,,,,,,,,,,,,,,,,,,,,,,,,,,,,,,,,,,
Ethan Onianwa,Ohio State,OT,370,"6'7""",331,,,,,,,,,,,,,,,,,,,,,,,,,,,,,,,,,,,,,,,,,,,,,,,
Khalil Dinkins,Penn State,TE,371,"6'4""",251,,,,,,,,,55,,,,,,,,,,,,,,,,,,,,,,,,,,,,40,65,,,,,,,,,
Noah Thomas,Georgia,WR,372,"6'5""",205,,,,,,,,,,,,,,,,,,,,,,40,,,,,,,,,,,,,,,,74,,,,45,,,,,
Ka'Ena Decambra,Arizona,IOL,373,"6'3""",306,,,,,,,,,,,,,,,,,,,,,,,,,,,,,,,,,,,,,,,,,,,,,,,
Max Bredeson,Michigan,RB,374,"6'2""",250,,,,,,,,,,,,,,,,,,,,,,,,,,,,,,,,,,,,,,,,,,,,,,,
Owen Heinecke,Oklahoma,LB,375,"6'1""",227,,,,,,,,84,,,,,,68,,,,,,,,,,,,,,,,,,,,,,,,,,,,,,71,,,
Lake McRee,USC,TE,376,"6'4""",250,,,,,,,,,55,,,,,,,,,,,,,,,,,,,,,,,,,,,,48,80,,,,,,,,,
Bryan Thomas,South Carolina,EDGE,377,"6'2""",249,,,,,,,,,,,,,,,,,,70,,,,,,,,,,63,,,63,,,,,,,,,,,,,,,,
Reuben Unije,UCLA,OT,378,"6'6""",315,,,,,,,,,,,,,,,,,,,,,,,,,,,,,,,,,,,,,,,,,,,,,,,
Alan Herron,Maryland,IOL,379,"6'6""",320,,,,,,,,,,,,,,,,,,,,,,,,,,,,,,,,,,,,,,,,,,,,,,,
Dillon Bell,Georgia,WR,380,"6'1""",210,,,,,,,,,,,,,,,,,,,,,,45,,,,,,,,,,,,,,,,45,,,,35,,,,,
Tanner Arkin,Illinois,TE,381,"6'4""",265,,,,,,,,,55,,,,,,,,,,,,,,,,,,,,,,,,,,,,40,49,,,,,,,,,
Romello Brinson,Smu,WR,382,"6'2""",190,,,,,,,,,,,,,,,,,,,,,,57,,,,,,,,,,,,,,,,69,,,,40,,,,,
Kalil Alexander,Texas State,EDGE,383,"6'3""",225,,,,,,,,,,,,,,,,,,72,,,,,,,,,,71,,,52,,,,,,,,,,,,,,,,
Jackie Marshall,Baylor,DL,384,"6'3""",306,,,,,,,,,,,,,,,,,,51,,,,,,,,,,53,,,44,,,,,,,,,,,,,,,,
Mark Gronowski,Iowa,QB,385,"6'2""",235,59,,50,,,,,,,,,,,,45,,,,,,,,,,,,84,,,,,,,,,,,,,,,,,,,,
Joshua Braun,Kentucky,IOL,386,"6'6""",342,,,,,,,,,,,,,,,,,,,,,,,,,,,,,,,,,,,,,,,,,,,,,,,
Jerry Wilson,Florida State,CB,387,,,,,,,,,,,,,,,,,,,,,,,,,,,,,,,,,,,,,,,,,,,,,,,,,
Tomas Rimac,Virginia Tech,IOL,388,"6'6""",317,,,,,,,,,,,,,,,,,,,,,,,,,,,,,,,,,,,,,,,,,,,,,,,
Squirrel White,Florida State,WR,389,"5'10""",170,,,,,,,,,,,,,,,,,,,,,,40,,,,,,,,,,,,,,,,47,,,,35,,,,,
Haynes King,Georgia Tech,QB,390,"6'3""",215,78,,72,,,,,,,,,,,,58,,,,,,,,,,,,95,,,,,,,,,,,,,,,,,,,,
Palmer Williams,Baylor,P,391,"6'2""",203,,,,,,,,,,,,,,,,,,,,,,,,,,,,,,,,,,,,,,,,,,,,,,,
Harrison Wallace,Mississippi,WR,392,,,,,,,,,,,,,,,,,,,,,,,,71,,,,,,,,,,,,,,,,72,,,,45,,,,,
Ricardo Hallman,Wisconsin,CB,393,"5'10""",190,,,,,,60,,,,,,,,,,,,,,,,,,,,,,,,,,,,,,,,,,,,,,52,,,
Brett Thorson,Georgia,P,394,"6'2""",235,,,,,,,,,,,,,,,,,,,,,,,,,,,,,,,,,,,,,,,,,,,,,,,
Izavion Miller,Auburn,OT,395,"6'5""",305,,,,,,,,,,,,,,,,,,,,,,,,,,,,,,,,,,,,,,,,,,,,,,,
Pj Williams,Smu,OT,396,"6'5""",313,,,,,,,,,,,,,,,,,,,,,,,,,,,,,,,,,,,,,,,,,,,,,,,
Sheridan Wilson,Texas Tech,IOL,397,"6'5""",300,,,,,,,,,,,,,,,,,,,,,,,,,,,,,,,,,,,,,,,,,,,,,,,
Lance Mason,Wisconsin,TE,398,,240,,,,,,,,,55,,,,,,,,,,,,,,,,,,,,,,,,,,,,48,71,,,,,,,,,
Collin Wright,Stanford,CB,399,"6'0""",195,,,,,,55,,,,,,,,,,,,,,,,,,,,,,,,,,,,,,,,,,,,,,58,,,
Wydett Williams,Mississippi,S,400,,,,,,,,78,,,,,,,,,,,,,,,,,,,,,,,,,,,,,,,,,,,,,,77,,,
Trevor Lauck,Iowa,OT,401,"6'5""",310,,,,,,,,,,,,,,,,,,,,,,,,,,,,,,,,,,,,,,,,,,,,,,,
Dorion Strawn,Texas State,OT,402,"6'6""",315,,,,,,,,,,,,,,,,,,,,,,,,,,,,,,,,,,,,,,,,,,,,,,,
Jahiem Lawson,Clemson,EDGE,403,"6'2""",250,,,,,,,,,,,,,,,,,,,,,,,,,,,,,,,,,,,,,,,,,,,,,,,
Ethan Burke,Texas,EDGE,404,"6'6""",259,,,,,,,,,,,,,,,,,,55,,,,,,,,,,63,,,41,,,,,,,,,,,,,,,,
Brent Austin,California,CB,405,"5'11""",180,,,,,,90,,,,,,,,,,,,,,,,,,,,,,,,,,,,,,,,,,,,,,67,,,
Josh Thompson,LSU,IOL,406,"6'5""",315,,,,,,,,,,,,,,,,,,,,,,,,,,,,,,,,,,,,,,,,,,,,,,,
Avery Smith,Toledo,CB,407,"5'10""",185,,,,,,82,,,,,,,,,,,,,,,,,,,,,,,,,,,,,,,,,,,,,,67,,,
Derek Simmons,Oklahoma,OT,408,"6'5""",317,,,,,,,,,,,,,,,,,,,,,,,,,,,,,,,,,,,,,,,,,,,,,,,
Diego Pounds,Mississippi,OT,409,,,,,,,,,,,,,,,,,,,,,,,,,,,,,,,,,,,,,,,,,,,,,,,,,
Dalton Brooks,Texas A&M,S,410,"6'0""",193,,,,,,38,,,,,,,,,,,,,,,,,,,,,,,,,,,,,,,,,,,,,,69,,,
Ernest Hausmann,Michigan,LB,411,"6'2""",235,,,,,,,,58,,,,,,49,,,,,,,,,,,,,,,,,,,,,,,,,,,,,,66,,,
Braelin Moore,LSU,IOL,412,"6'2""",300,,,,,,,,,,,,,,,,,,,,,,,,,,,,,,,,,,,,,,,,,,,,,,,
Bryce Foster,Kansas,IOL,413,"6'5""",310,,,,,,,,,,,,,,,,,,,,,,,,,,,,,,,,,,,,,,,,,,,,,,,
Jaren Kanak,Oklahoma,TE,414,"6'2""",233,,,,,,,,,55,,,,,,,,,,,,,,,,,,,,,,,,,,,,58,66,,,,,,,,,
Wendell Moe,Tennessee,IOL,415,"6'2""",330,,,,,,,,,,,,,,,,,,,,,,,,,,,,,,,,,,,,,,,,,,,,,,,
Dean Connors,Houston,RB,416,"6'0""",206,,,,,,,,,,,,,,,,,61,,,,,,,,,,,,69,,,,68,,,,,,,,,,,,,61,
Tyre West,Tennessee,EDGE,417,"6'3""",290,,,,,,,,,,,,,,,,,,57,,,,,,,,,,45,,,46,,,,,,,,,,,,,,,,
Noah Josey,Virginia,IOL,418,"6'5""",310,,,,,,,,,,,,,,,,,,,,,,,,,,,,,,,,,,,,,,,,,,,,,,,
Cian Slone,Nc State,EDGE,419,"6'4""",250,,,,,,,,,,,,,,,,,,55,,,,,,,,,,83,,,35,,,,,,,,,,,,,,,,
Miles Scott,Illinois,S,420,"5'11""",210,,,,,,55,,,,,,,,,,,,,,,,,,,,,,,,,,,,,,,,,,,,,,71,,,
Dj Hicks,Texas A&M,DL,421,"6'3""",295,,,,,,,,,,,,,,,,,,53,,,,,,,,,,48,,,52,,,,,,,,,,,,,,,,
Isaiah Glasker,BYU,LB,422,"6'5""",240,,,,,,,,75,,,,,,49,,,,,,,,,,,,,,,,,,,,,,,,,,,,,,62,,,
Joey Aguilar,Tennessee,QB,423,"6'3""",225,71,,80,,,,,,,,,,,,59,,,,,,,,,,,,48,,,,,,,,,,,,,,,,,,,,
Rene Konga,Louisville,DL,424,"6'4""",300,,,,,,,,,,,,,,,,,,47,,,,,,,,,,52,,,39,,,,,,,,,,,,,,,,
Micah Pettus,Florida State,OT,425,"6'7""",355,,,,,,,,,,,,,,,,,,,,,,,,,,,,,,,,,,,,,,,,,,,,,,,
Michael Kilbane,Northwestern,EDGE,426,"6'5""",275,,,,,,,,,,,,,,,,,,57,,,,,,,,,,65,,,44,,,,,,,,,,,,,,,,
Matthew Hibner,Smu,TE,427,"6'5""",252,,,,,,,,,55,,,,,,,,,,,,,,,,,,,,,,,,,,,,48,75,,,,,,,,,
Dj Rogers,TCU,TE,428,"6'4""",250,,,,,,,,,,,,,,,,,,,,,,,,,,,,,,,,,,,,,,,,,,,,,,,
Dominic Bailey,Tennessee,EDGE,429,"6'3""",292,,,,,,,,,,,,,,,,,,53,,,,,,,,,,49,,,49,,,,,,,,,,,,,,,,
Davaughn Patterson,Wake Forest,S,430,"6'0""",217,,,,,,78,,,,,,,,,,,,,,,,,,,,,,,,,,,,,,,,,,,,,,82,,,
Jameson Geers,Minnesota,TE,431,"6'5""",250,,,,,,,,,55,,,,,,,,,,,,,,,,,,,,,,,,,,,,45,45,,,,,,,,,
Griffin Wilde,Northwestern,WR,432,"6'2""",200,,,,,,,,,,,,,,,,,,,,,,77,,,,,,,,,,,,,,,,57,,,,65,,,,,
Rahsul Faison,South Carolina,RB,433,"6'0""",218,,,,,,,,,,,,,,,,,61,,,,,,,,,,,,54,,,,45,,,,,,,,,,,,,61,
Dayon Hayes,Texas A&M,EDGE,434,"6'3""",264,,,,,,,,,,,,,,,,,,42,,,,,,,,,,40,,,44,,,,,,,,,,,,,,,,
Jalil Farooq,Maryland,WR,435,"6'2""",213,,,,,,,,,,,,,,,,,,,,,,69,,,,,,,,,,,,,,,,42,,,,45,,,,,
Devean Deal,TCU,EDGE,436,"6'4""",250,,,,,,,,,,,,,,,,,,61,,,,,,,,,,75,,,44,,,,,,,,,,,,,,,,
Rocco Spindler,Nebraska,IOL,437,"6'5""",320,,,,,,,,,,,,,,,,,,,,,,,,,,,,,,,,,,,,,,,,,,,,,,,
Kam Robinson,Virginia,LB,438,"6'2""",234,,,,,,,,,,,,,,,,,,,,,,,,,,,,,,,,,,,,,,,,,,,,,,,
Ben Taylor-Whitfield,TCU,OT,439,"6'6""",315,,,,,,,,,,,,,,,,,,,,,,,,,,,,,,,,,,,,,,,,,,,,,,,
Marvin Jones,Oklahoma,EDGE,440,"6'5""",262,,,,,,,,,,,,,,,,,,47,,,,,,,,,,43,,,35,,,,,,,,,,,,,,,,
Ahmaad Moses,Smu,S,441,"5'10""",205,,,,,,49,,,,,,,,,,,,,,,,,,,,,,,,,,,,,,,,,,,,,,85,,,
Isaiah Jatta,BYU,OT,442,"6'6""",315,,,,,,,,,,,,,,,,,,,,,,,,,,,,,,,,,,,,,,,,,,,,,,,
Toriano Pride,Missouri,CB,443,"5'11""",188,,,,,,55,,,,,,,,,,,,,,,,,,,,,,,,,,,,,,,,,,,,,,48,,,
Dariel Djabome,Rutgers,LB,444,"6'2""",237,,,,,,,,62,,,,,,42,,,,,,,,,,,,,,,,,,,,,,,,,,,,,,66,,,
Jayden Virgin-Morgan,Boise State,EDGE,445,"6'3""",253,,,,,,,,,,,,,,,,,,,,,,,,,,,,,,,,,,,,,,,,,,,,,,,
Chris Adams,Memphis,IOL,446,"6'5""",277,,,,,,,,,,,,,,,,,,,,,,,,,,,,,,,,,,,,,,,,,,,,,,,
Charles Jagusah,Notre Dame,IOL,447,"6'7""",333,,,,,,,,,,,,,,,,,,,,,,,,,,,,,,,,,,,,,,,,,,,,,,,
Jordan Van Den Berg,Georgia Tech,DL,448,"6'3""",300,,,,,,,,,,,,,,,,,,70,,,,,,,,,,65,,,60,,,,,,,,,,,,,,,,
Hero Kanu,Texas,DL,449,"6'5""",299,,,,,,,,,,,,,,,,,,42,,,,,,,,,,54,,,44,,,,,,,,,,,,,,,,
Clay Patterson,Stanford,DL,450,"6'3""",280,,,,,,,,,,,,,,,,,,49,,,,,,,,,,56,,,60,,,,,,,,,,,,,,,,
Donaven McCulley,Michigan,WR,,,,,,,,,,,,,,,,,,,,,,,,,,,,,,,,,,,,,,,,,,,,,,,,,,
Jalen Walthall,Incarnate Word,WR,,,,,,,,,,,,,,,,,,,,,,,,,,,,,,,,,,,,,,,,,,,,,,,,,,
Enrique Cruz,Kansas,IOL,,,,,,,,,,,,,,,,,,,,,,,,,,,,,,,,,,,,,,,,,,,,,,,,,,
Brandon Cleveland,Nc State,EDGE,,,,,,,,,,,,,,,,,,,,,,,,,,,,,,,,,,,,,,,,,,,,,,,,,,
Bobby Jamison-Travis,Auburn,DL,,,,,,,,,,,,,,,,,,,,,,,,,,,,,,,,,,,,,,,,,,,,,,,,,,
Wade Woodaz,Clemson,LB,,,,,,,,,,,,,,,,,,,,,,,,,,,,,,,,,,,,,,,,,,,,,,,,,,
Latrell McCutchin,Houston,CB,,,,,,,,,,,,,,,,,,,,,,,,,,,,,,,,,,,,,,,,,,,,,,,,,,
Lorenzo Styles,Ohio State,S,,,,,,,,,,,,,,,,,,,,,,,,,,,,,,,,,,,,,,,,,,,,,,,,,,
